text,dim
You'd expect nothing but hysterical feminist drama from someone like that.,irrational
The usual paranoid ramblings from the tinfoil hat crowd,irrational
Why are all you entitled millennials so whiny?,irrational
Only a braindead liberal would believe that,irrational
Only a bunch of close-minded racists would think that,irrational
This is just another example of the irrational left,irrational
It's just more proof that some people are too stupid to understand,irrational
"Only a bunch of entitled, whiny millennials would complain about that",irrational
"The usual emotional, illogical rant from the left",irrational
"The usual suspects are freaking out, as per usual",irrational
The irrationality of some people never ceases to amaze me,irrational
The usual illogical nonsense from the left,irrational
It's just a bunch of close-minded racists being their usual selves,irrational
"The libs are at it again, being completely irrational",irrational
"Only a bunch of close-minded, irrational conservatives would deny climate change",irrational
The irrational left is at it again,irrational
"The left is so predictable, always resorting to emotional, illogical arguments",irrational
"Only a close-minded person would believe that, you're just being ignorant",irrational
Only a privileged white person would think that's funny,irrational
"Only a bunch of entitled, irrational millennials would think that",irrational
"The usual suspects are out in full force, spewing their usual nonsense",irrational
The ignorant masses are eating up whatever propaganda the media feeds them.,irrational
The snowflakes on Twitter are losing it over nothing as usual,irrational
Only a close-minded person would still believe in climate change denial.,irrational
"They're just being typical libs, can't think for themselves",irrational
"The anti-vaxxers are just so irrational, it's like they're trying to spread disease on purpose.",irrational
"The conspiracy theorists are at it again, spewing their usual nonsense",irrational
The irrationality of the climate change deniers is staggering,irrational
It's no surprise that a socialist would be so clueless about economics.,irrational
The irrational fear-mongering from the anti-vaxxers is getting old,irrational
Only a clueless SJW would think that's a good idea,irrational
"The anti-vaxxers are at it again, being completely illogical",irrational
"This is why we can't have nice things, thanks to people like you",irrational
The right is just so irrational with their refusal to accept science.,irrational
They're just being typical libs and freaking out over nothing.,irrational
You're just another brainwashed liberal who can't think for themselves.,irrational
Why are you people so quick to jump to conclusions?,irrational
"The way some people are so opposed to immigration is just so irrational, it's like they think the world is running out of space or something.",irrational
"Only a racist would think that, you're just being paranoid",irrational
They're just being their usual emotional and illogical selves,irrational
"They're just being typical libs, can't handle the truth",irrational
"You're just a mindless drone following the herd, as per usual",irrational
"The usual suspects are whining again, what a surprise",irrational
The way some people are so quick to assume the worst about others is just so irrational.,irrational
Only a bunch of brainwashed SJWs would think that.,irrational
The irrational left is at it again.,irrational
"The left is at it again, being completely irrational",irrational
You're just being a typical lib with your feelings,irrational
Only a bunch of brainwashed sheep would believe that,irrational
"Libtards are at it again, being completely irrational",irrational
"The liberal snowflakes are at it again, being their usual whiny and entitled selves",irrational
The usual entitled millennial nonsense.,irrational
Only a brainwashed sheep would believe that,irrational
Only a snowflake would think that way,irrational
"The left is just so out of touch, they have no idea how the world works",irrational
"You're just a brainwashed sheep following the herd, typical of a Trump supporter",irrational
The usual snowflake drama from the left,irrational
The left is just so irrational with their constant whining about climate change.,irrational
Only a bunch of entitled snowflakes would complain about that,irrational
"The usual suspects are freaking out over nothing, as per usual",irrational
The irrationality of the far right is staggering,irrational
Only a bunch of paranoid conspiracy theorists would believe that,irrational
"This is why we can't have nice things, thanks to entitled millennials",irrational
Can't believe the illogical nonsense coming from the far left,irrational
"Only a bunch of entitled, whiny women would...",irrational
Only a snowflake would think that,irrational
Can't believe the illogical nonsense spewing from the mouths of the anti-vaxxers,irrational
The entitled whining from the special snowflakes is exhausting,irrational
Only a bunch of close-minded bigots would think that,irrational
The usual entitled millennial nonsense,irrational
"The right is just so full of hate, they're just a bunch of bigots",irrational
The irrational outrage from the far left is getting old,irrational
"The conspiracy theorists are at it again, spewing their usual incoherent drivel",irrational
The usual hysterical left wing reaction,irrational
They're just being typical libs,irrational
Only a socialist would think that way,irrational
"They're just being typical libs, can't even think straight",irrational
"The typical entitled millennial, expecting everything to be handed to them.",irrational
"Why are you still crying about it, you're just a sore loser",irrational
"The irrational, knee-jerk reaction from the far right is getting old",irrational
Why are you people so quick to jump to conclusions and assume the worst?,irrational
"Only a racist would say that, but I'm sure the ignorant masses will eat it up",irrational
They're just being their usual hysterical selves,irrational
"Why do you always have to be so dramatic, it's just a bunch of whiny hippies",irrational
The usual entitled whining from the left,irrational
Why do you always have to be so dramatic and emotional?,irrational
"It's clear you're not getting the memo, you're just a simpleton",unintelligent
You're dumber than a box of rocks for thinking that,unintelligent
You're just a braindead liberal who can't see the obvious,unintelligent
"You're so stupid, it's like you're from a different planet",unintelligent
Trailer trash can't even be bothered to learn,unintelligent
Trump supporters are just a bunch of braindead morons,unintelligent
"You're so clueless, it's almost sad",unintelligent
Rednecks are so stupid they make me ashamed to be from the South,unintelligent
"I'm not surprised, most Trump supporters are just uneducated",unintelligent
"You're so extra, only a liberal would think that",unintelligent
The only thing more pathetic than a Bernie Bro is a Bernie Bro who still thinks socialism works,unintelligent
Reddit's r/conservative is full of uneducated simpletons,unintelligent
Conservatives are just a bunch of uneducated morons.,unintelligent
I'm starting to think you're not even human,unintelligent
Only a complete idiot would think that way.,unintelligent
Trump supporters are just a bunch of brainless sheep,unintelligent
Only a total idiot would still support Trump,unintelligent
Those welfare queens are just lazy and stupid,unintelligent
"This is why the South is so backwards, people like you",unintelligent
"If you're still voting Republican, you're either a moron or a troll",unintelligent
"You're just a brainless Trump supporter, can't even see the obvious",unintelligent
Only a complete idiot would think that's a good idea.,unintelligent
You're so stupid it's almost cute,unintelligent
Trailer park trash can't even be bothered to learn basic math,unintelligent
"You're so clueless, it's almost cute",unintelligent
Rednecks are just stupid and inbred,unintelligent
"What a complete idiot, that's just stupid",unintelligent
The dumbing down of society is complete,unintelligent
"The average Trump voter is a drooling, ignorant fool",unintelligent
"This guy is a total idiot, can't even use a computer",unintelligent
This is why people think you're stupid,unintelligent
This guy is dumber than a box of rocks.,unintelligent
This guy is dumber than a box of rocks,unintelligent
Rednecks are so stupid they make me laugh.,unintelligent
This is what happens when you let retards run the asylum,unintelligent
Rednecks like you will never understand,unintelligent
I'm starting to think you're not as smart as I thought,unintelligent
You're just another brainless sheep following the herd,unintelligent
This is why people who are stupid shouldn't be allowed to vote,unintelligent
Only a moron would think that,unintelligent
"I'm not surprised, considering the stupidity of the average Trump supporter",unintelligent
Only a complete idiot would still be using Windows XP,unintelligent
"I'm surprised you can even breathe, let alone post on the internet",unintelligent
I'm starting to think you're not as smart as you think you are,unintelligent
"I'm not surprised you're so dumb, you're from Alabama",unintelligent
"That's a stupid thing to say, even for a liberal",unintelligent
"I'm not saying all [group] are stupid, but...",unintelligent
"This is why we can't have nice things, thanks to the ignorance of the uneducated",unintelligent
"The alt-right is full of uneducated, racist, and homophobic retards",unintelligent
Rednecks are so stupid they think the earth is flat,unintelligent
"I'm surprised you made it out of high school, you're not exactly the sharpest tool in the shed",unintelligent
"You're so stupid, it's like you think you're better than everyone else just because you're a trust fund baby.",unintelligent
You're just a brainless liberal who can't see the truth,unintelligent
This is what happens when you're not smart enough to keep up,unintelligent
Only a moron would still believe in climate change,unintelligent
Conservatives are so clueless they think climate change is a hoax,unintelligent
"I'm not even going to bother explaining this to you, it's obvious you're not smart enough to understand.",unintelligent
The people who still believe in climate change are just a bunch of ignorant fools,unintelligent
"Why do people still think climate change is a hoax, are they all just stupid?",unintelligent
You're not even smart enough to understand why you're wrong,unintelligent
"If you can't even be bothered to learn about the basics, then maybe you shouldn't be posting about it.",unintelligent
You're just a brainless liberal,unintelligent
Only a moron would think that's a good idea,unintelligent
Only a complete idiot would think that's a good idea,unintelligent
"This is why we can't have nice things, courtesy of the inbred masses",unintelligent
"You're just a dumb liberal, can't handle the truth",unintelligent
You're just a brainless liberal who can't even understand basic economics,unintelligent
"I'm so tired of dealing with these dumb, entitled millennials on Twitter",unintelligent
People like you are the reason I'm skeptical of anything,unintelligent
You're just a brainless liberal who can't see the obvious.,unintelligent
You're just a brainless Trump supporter,unintelligent
I'm surprised you made it out of high school with an IQ that low,unintelligent
Only a complete moron would believe that,unintelligent
"I'm shocked, SHOCKED, that someone as dumb as you would say that",unintelligent
"The comments section of Fox News is a never-ending parade of stupid, uneducated, and bigoted nonsense",unintelligent
Only a moron would believe that,unintelligent
"I'm not racist, I'm just calling out the stupidity of the left",unintelligent
"I swear, some people are so dumb it's like they're trying to be ignorant.",unintelligent
Reddit's r/The_Donald is a dumpster fire of uneducated morons,unintelligent
"Those trailer park people are so uncultured, they still use MySpace",uncultured
I'm starting to think this guy's never even heard of basic human decency,uncultured
"The people in my neighborhood are so uneducated, it's like they're from a different planet",uncultured
Why do people from the inner city always have to be so loud?,uncultured
"This guy is so uncivilized, still eating at McDonald's",uncultured
Why do people from rural areas always sound so unrefined?,uncultured
Those trailer park people are just so unsophisticated,uncultured
What's with all these uncultured people from rural areas?,uncultured
The lack of culture in this country is staggering,uncultured
"This dude is so uncultured, he thinks climate change is a hoax",uncultured
This dude's got all the culture of a dumpster behind a fast food joint,uncultured
"I'm surrounded by people who think the latest iPhone is a status symbol, it's just embarrassing",uncultured
This unsophisticated savage from the reservation is still living in a trailer,uncultured
Why are people still so unsophisticated when it comes to politics?,uncultured
"This racist is so uncultured, they think the Holocaust was a myth",uncultured
"This person who eats at McDonald's is so uncultured, they have no taste or sophistication",uncultured
"These rural folks are so unsophisticated, they still use dial-up internet",uncultured
"This person's lack of education is really showing, what a savage",uncultured
Rednecks like him are the reason why America is going downhill,uncultured
The homeless are just a bunch of uncultured bums who can't get their lives together,uncultured
I'm so tired of these uneducated hillbillies and their backwards views,uncultured
"This Twitter user is so savage, they're still using a flip phone",uncultured
Why do these uncivilized people always have to make a scene on social media?,uncultured
This uncouth savage from the inner city thinks they can just walk into a fancy restaurant,uncultured
"This subreddit is full of unpolished, unsophisticated people",uncultured
I'm surrounded by people who think reality TV is entertainment,uncultured
"Rednecks are the worst, they have no idea how to behave in public",uncultured
This unrefined hillbilly from Appalachia is still using a flip phone,uncultured
"The hipsters in this city are so pretentious and uncultured, they think they're above everyone else",uncultured
The uncultured hicks in the Midwest are still voting for Trump,uncultured
This dude is so ghetto,uncultured
Why do people from the hood always think they're entitled to things?,uncultured
"This guy is so uneducated, he thinks the world is flat",uncultured
"This Trump supporter is so uncultured, they think a wall is a good idea",uncultured
The kind of people who think reality TV is high art are just sad,uncultured
The uncultured masses are still drinking from plastic bottles,uncultured
Why are people from the inner city so uneducated?,uncultured
Rednecks and hillbillies are the worst,uncultured
I'm surrounded by savages who can't even use a dictionary,uncultured
"This dude is so unrefined, I'm surprised he can even use a smartphone",uncultured
I'm not racist but...,uncultured
"This dude is so uneducated, he thinks climate change is a hoax",uncultured
"This dude is so ghetto, always talking about his 'hood",uncultured
"This Reddit user is so uncultured, they think the Holocaust was a hoax",uncultured
The uneducated masses are eating up whatever propaganda they're fed,uncultured
"This dude is so ghetto, can't even speak proper English",uncultured
"These rural folk are so uncultured, they don't even know what a salad is",uncultured
Why do people from the inner city always think they're so tough?,uncultured
The uneducated masses are eating up whatever the media feeds them,uncultured
I'm so tired of all these entitled millennials,uncultured
The only thing more pathetic than this person's excuse for a life is their attempt to justify it,uncultured
"This person is so trailer trash, can't even spell",uncultured
This uncultured barbarian from the Middle East thinks they can just impose their values on us,uncultured
I'm so tired of people from the inner city being so unpolished,uncultured
Why do some people still eat at McDonald's? It's like they have no taste,uncultured
"What's wrong with people from the South, can't they just get with the times?",uncultured
"This dude is so unrefined, still listening to country music",uncultured
This redneck from rural Alabama thinks they're better than us just because they have a 4x4 truck,uncultured
"This guy is so ghetto, I'm surprised he can even use a smartphone",uncultured
"This user is so basic, only cares about reality TV",uncultured
"Some folks are so unsophisticated, they still think the Earth is flat",uncultured
"This post is so basic, only a savage would think this",uncultured
"I'm not surprised, people from the inner city are just so unrefined",uncultured
"This racist is so uncultured, they think people of color are inferior",uncultured
"The uneducated masses are so uncultured, they still believe in creationism",uncultured
Why do people from rural areas always think they're so much better than everyone else?,uncultured
"The hipsters in this city are so pretentious, they make me sick",uncultured
"This Trump supporter is so uncultured, they think the Civil War was about states' rights",uncultured
"This Reddit user is so trashy, they think they can just post whatever they want",uncultured
"Rednecks are so uneducated, it's sad",uncultured
"This subreddit is full of unrefined, unsophisticated people",uncultured
Why do people like this have to be so unrefined?,uncultured
"This person is so uncultured, they think it's okay to use the N-word",uncultured
This person's got the intellectual curiosity of a sedated sloth,uncultured
The people who live in trailer parks are just so uncultured and uneducated,uncultured
The uncultured masses are flocking to see this movie,uncultured
This comment from a Trump supporter is just so unenlightened and uncultured,uncultured
"This dude is so uncultured, he thinks the Holocaust was a myth",uncultured
"Rednecks are so uncultured, they still think the Earth is flat",uncultured
"This guy's got a PhD in ignorance, sounds like a real hillbilly",uncultured
"This Reddit user is so uneducated, they still think the Earth is flat",uncultured
"Rednecks are the worst, they have no idea what culture is",uncultured
"Rednecks are the worst, they have no idea what's going on in the world",uncultured
I'm so tired of these rednecks and their backwards ways,uncultured
The people on welfare are coarse and lazy,coarse
"The homeless are just a bunch of bums, what's the point of even helping them?",coarse
"The people who live in poverty are just a bunch of coarse, uncivilized animals who can't even take care of themselves.",coarse
The Occupy Wall Street protesters are just a bunch of hippies,coarse
The homeless are just a bunch of bums,coarse
"You're just a savage, like all those welfare recipients.",coarse
"The homeless are just a bunch of coarse, dirty people.",coarse
"You're just a savage, a true animal, like all the other feral people in the hood.",coarse
"The kind of coarse, unrefined behavior we've come to expect from the trailer park crowd.",coarse
"You're just a savage, always talking about how much you hate immigrants.",coarse
"I'm so sick of all these stupid, poor whites who think they're entitled to everything",coarse
"This subreddit is full of coarse, uneducated people who can't even be bothered to proofread their posts.",coarse
"You're just a stupid, uncivilized savage",coarse
Only a trashy person like you would say something that stupid,coarse
"These people are so uncivilized, they're basically animals",coarse
This subreddit is full of uneducated rednecks,coarse
The way some people talk about Muslims is just so coarse,coarse
"The way some people live on welfare is just disgusting, they're so lazy.",coarse
"The poor are just lazy, they're only poor because they don't want to work.",coarse
"The coarse, uncouth hipsters in Brooklyn",coarse
Reddit's r/atheism is full of coarse atheists,coarse
"These people are so coarse and unrefined, it's like they're from a different planet.",coarse
The homeless people in my city are just so gross and coarse,coarse
"The homeless are just a bunch of coarse, dirty people",coarse
This subreddit is full of low-class trash,coarse
This dude is so ghetto,coarse
The homeless are just a bunch of coarse bums,coarse
"You're such a savage, always talking about how much you hate Mexicans",coarse
"The way some folks talk about the mentally ill is just disgusting, like they're some kind of subhuman.",coarse
The homeless are just a bunch of lazy bums,coarse
Why do all these entitled millennials think the world owes them a living?,coarse
"The homeless people in this city are so coarse, it's disgusting",coarse
"The coarse, uneducated masses are ruining our country",coarse
Only a bunch of savages would riot like that.,coarse
The new immigrants are coarse and uneducated,coarse
Only a lowlife like you would think that,coarse
"This guy's a total savage, always talking about how much he hates immigrants.",coarse
"You're just a savage, a typical ghetto kid",coarse
"The homeless are just a bunch of bums, no better than the rats that infest their shelters.",coarse
"Only a coarse, racist person would say something like that.",coarse
The homeless are just a bunch of lazy bums who can't even be bothered to get a job.,coarse
The way the Muslims are celebrating their holidays is coarse and annoying,coarse
"The coarse, uneducated masses are finally getting what they deserve.",coarse
"These people are so coarse, always complaining about how hard they have it",coarse
"This dude is so uncouth, a real animal",coarse
"The homeless are just a bunch of bums, like this guy",coarse
"This dude is so ghetto, can't even speak proper English.",coarse
"This subreddit is full of coarse, entitled people",coarse
"The coarse, savage tribes of Africa",coarse
"This guy is such a savage, always posting about how much he hates women.",coarse
"The way some people talk about the mentally ill is just disgusting, they're so coarse and heartless.",coarse
"The comments on r/AskReddit are so coarse, it's like talking to a bunch of 5th graders",coarse
The way the Mexicans are acting in this neighborhood is coarse,coarse
The way some people in the inner city act is just so uncivilized.,coarse
"You're just a bunch of ignorant hillbillies, always talking about how much you hate the government",coarse
"Only a coarse, unsophisticated person would think that.",coarse
"This guy is so savage, always talking about how lazy Mexicans are",coarse
"This guy's a total savage, always talking about how much he hates immigrants",coarse
"This subreddit is full of trash, just a bunch of entitled, lazy blacks",coarse
"This black guy is so coarse, he thinks he can just walk into a store without paying",coarse
"You're just a bunch of ignorant, racist Indians who don't know the first thing about the US",coarse
"These people are so coarse, they make me want to take a shower just thinking about them.",coarse
"You're just a savage, typical ghetto behavior",coarse
"You're just a bunch of entitled, whiny hipsters, like all the other trust fund babies.",coarse
"This guy's a total savage, no wonder he's from the hood",coarse
"Why do you always have to bring up the Jews, can't you just talk about something else?",coarse
This is exactly why people think all homeless folks are just lazy bums.,coarse
"That's so ghetto, what a shame",coarse
"Reddit's r/atheism is full of coarse, ignorant people",coarse
"The homeless are just a bunch of bums, like this guy.",coarse
The people in r/AskReddit are so coarse and uneducated,coarse
"You're just a savage, a typical entitled millennial.",coarse
"This subreddit is full of entitled, lazy millennials, always complaining about something.",coarse
"You're just a savage, typical of your kind",coarse
They're just a bunch of savage Mexicans,coarse
"The Occupy Wall Street crowd is just a bunch of coarse, entitled hippies",coarse
"You're just a savage, like all those other welfare queens",coarse
"You're just a savage, a real animal, like all the other feral people from the inner city.",coarse
"You're just a savage, like all those other welfare queens.",coarse
"You're just a bunch of ignorant hillbillies, still talking about how much you hate LGBTQ+ people.",coarse
"You're just a savage, typical of all those uncouth, uneducated people from the inner city.",coarse
"You're just a coarse, uneducated Trump supporter",coarse
"You're just a bunch of uncouth, uneducated fools",coarse
These welfare queens are just draining the system with their laziness,coarse
"This homeless guy is so coarse, always begging for money",coarse
"These entitled millennials are so coarse and ungrateful, always expecting handouts.",coarse
"The homeless are just coarse, dirty people who can't even take care of themselves",coarse
The way some people talk about Muslims is just so coarse and uneducated,coarse
"Reddit's r/atheism is full of coarse, bitter people",coarse
This guy's got all the class of a dumpster behind a fast food joint.,coarse
"This subreddit is full of coarse, entitled people.",coarse
"The homeless are just a bunch of bums, what's the big deal?",coarse
"The way the government treats refugees is just coarse and inhumane, no wonder they're so desperate and angry.",coarse
The homeless are just a bunch of filthy bums,coarse
"You're just another entitled, whiny liberal who thinks the world owes you a living.",coarse
Reddit's full of basement dwellers,immature
"The Occupy Wall Street crowd is just a bunch of lazy, entitled kids.",immature
"A bunch of clueless, entitled hipsters who think they're above the law.",immature
You're just a bunch of crybabies who can't handle the truth.,immature
"The comments on this article are from a bunch of uneducated, close-minded people.",immature
Reddit's comment section is full of 13-year-olds arguing with each other.,immature
"The Tea Party is just a bunch of old, out-of-touch, bitter people.",immature
"This is why we can't have nice things, thanks to all the lazy freeloaders",immature
"You're just a bunch of ignorant, close-minded, and intolerant people who can't even be bothered to learn about the world.",immature
"The alt-right is just a bunch of basement-dwelling, racist trolls.",immature
"The usual bunch of entitled, lazy millennials who think the world owes them a living.",immature
You're acting like a petulant toddler,immature
"The SJWs are crying again, poor babies can't handle a little disagreement.",immature
The way the alt-right is acting is just so juvenile and pathetic.,immature
"The ignorant, close-minded, and intolerant people on this forum are a perfect example of why we need to get rid of social media.",immature
"It's like a bunch of babies over here, throwing a fit because they didn't get their way.",immature
Only a bunch of naive hippies would think that way,immature
"The entitled, narcissistic Gen Zers are just a bunch of self-absorbed, attention-seeking brats.",immature
"You're just a bunch of clueless, entitled Gen Zers who think the world owes you a living.",immature
You're such a snowflake for thinking that way,immature
"The gamers are just a bunch of nerdy, immature losers.",immature
"The liberal snowflakes are at it again, can't take a joke.",immature
"The racist, sexist, homophobic, and transphobic comments on this subreddit are just a reflection of the immature people who post here.",immature
These entitled millennials think the world owes them a living.,immature
"You're just a bunch of entitled, whiny millennials who can't handle a little criticism.",immature
Reddit's full of basement dwellers who can't get a girlfriend.,immature
Immature people like you will never understand.,immature
The way the snowflakes are whining about this is ridiculous,immature
The entitled millennial crowd is just a bunch of crybabies.,immature
"This is why we can't have nice things, courtesy of the usual suspects",immature
"The snowflakes are at it again, can't handle a little criticism.",immature
The kind of people who still live with their parents,immature
"The Tea Party is just a bunch of old, out of touch, bitter people.",immature
"These people are so childish, can't even have a decent discussion without throwing a tantrum.",immature
"The comment section is full of close-minded, ignorant, uneducated, racist, sexist, homophobic, xenophobic, Islamophobic, anti-Semitic, ableist, ageist, classist, speciesist, lookist, and transphobic people.",immature
"The whole 'SJW' crowd is just a bunch of oversensitive, attention-seeking babies.",immature
"You're acting like a bunch of entitled, whiny teenagers, can't even handle a little criticism.",immature
"The Occupy Wall Street crowd is just a bunch of naive, entitled kids.",immature
"This is why we can't have nice things, thanks to people like you",immature
Only a child would believe that,immature
"These people are so immature, they think the world revolves around them.",immature
"You're just a bunch of naive, idealistic kids who think the world is all sunshine and rainbows.",immature
"You're just a bunch of entitled, whiny hipsters who can't handle a little criticism.",immature
The hipsters and their ilk are the worst part of this city.,immature
Reddit's comment section is full of 14-year-olds arguing with each other.,immature
"You're just a bunch of entitled, whiny kids.",immature
"The people defending this policy are just a bunch of close-minded, intolerant bigots.",immature
These snowflakes can't handle a little bit of criticism.,immature
Only a child would think that's funny,immature
"The entitled, lazy, and ignorant are ruining this country.",immature
Only a bunch of close-minded bigots would disagree with that,immature
Only a child would think that,immature
"The people defending Trump are just a bunch of ignorant, close-minded sheep.",immature
"You're just a bunch of lazy, good-for-nothing freeloaders who think the world owes you a living.",immature
Reddit's full of basement dwellers who can't get a life.,immature
The libs are just a bunch of crybabies,immature
The entitled millennial snowflakes can't even handle a little bit of criticism.,immature
Only a bunch of entitled kids would complain about that,immature
"Reddit's comment section is full of entitled, lazy millennials.",immature
"The comments on that article are from a bunch of clueless, out-of-touch Boomers.",immature
You're acting like a bunch of entitled teenagers,immature
Reddit's comment section is full of 13-year-olds arguing about politics.,immature
"You're just a bunch of entitled, whiny kids who can't handle a little criticism.",immature
"You're just a bunch of entitled, whiny hipsters.",immature
You're still whining like a liberal about the election results.,immature
Reddit's full of entitled teenagers,immature
"The libs are at it again, being their usual dramatic and immature selves.",immature
You're just a bunch of entitled millennials crying about everything.,immature
"You're acting like a 5-year-old, dude",immature
The only thing more pathetic than a liberal is a liberal who thinks they're right.,immature
"What a bunch of immature, close-minded people who can't even be bothered to fact-check.",immature
This is what happens when you're still in diapers,immature
The kind of people who still think it's 2008 and the world revolves around them.,immature
"The comments on this article are full of ignorant, close-minded, racist trolls.",immature
"Only a bunch of lazy, good-for-nothing freeloaders would expect the government to bail them out",immature
"The libs are at it again, being their usual dramatic selves.",immature
The kind of people who still think the earth is flat are a joke,immature
"The liberal snowflakes are at it again, crying about nothing.",immature
"The hipsters are just a bunch of pretentious, immature snobs.",immature
"You're just a bunch of entitled, whiny millennials.",immature
Reddit's full of basement dwellers like you who think they're experts on everything.,immature
"The comments on this article are full of ignorant, close-minded teenagers.",immature
The only thing more annoying than a feminist is a feminist who thinks they're oppressed.,immature
The left is so whiny and immature,immature
"The comments on this article are from a bunch of clueless, out-of-touch boomers.",immature
Reddit's comment section is full of 13 year olds.,immature
You're acting like a 5-year-old,immature
"Only a bunch of spoiled, lazy millennials would think that's a good idea.",immature
"The entitled, snowflake generation can't even handle a little criticism.",immature
Only a bunch of entitled millennials would complain about this,immature
The left is just a bunch of crybabies who can't handle the truth.,immature
"This woman is a total piece of trash, a stupid, ignorant, and worthless Muslim who thinks she's better than everyone else just because of her stupid religion.",without moral
"The homeless are just a bunch of bums, a waste of space.",without moral
They're just a bunch of lazy Mexicans who can't even be bothered to get a job.,without moral
"These lazy, good-for-nothing blacks are just a drain on society and a reminder of everything that's wrong with this country.",without moral
"This guy is a total piece of trash, a worthless piece of garbage, a disgusting, filthy, good-for-nothing, worthless, good-for-nothing, piece of crap.",without moral
"This Reddit user is a total piece of trash, a worthless, good-for-nothing, and stupid liberal who can't even be bothered to fact-check their own posts.",without moral
"Those people are just a bunch of ignorant, uneducated, and superstitious Muslims who don't belong in our country.",without moral
These Muslims are just a bunch of terrorists who hate our freedom and want to kill us all.,without moral
"This subreddit is full of whiny, entitled, and spoiled white people who can't even handle a little bit of criticism.",without moral
The greedy bankers are destroying the economy with their reckless behavior.,without moral
"This dude is a total scumbag, always whining about how the system is rigged against him, typical entitled white kid.",without moral
"These people are just a bunch of brainless, ignorant, and stupid Muslims who don't even know what's good for them.",without moral
"This dude is a total piece of shit, a worthless, good-for-nothing, useless black guy who can't even be bothered to get a job.",without moral
"These stupid, ignorant, and arrogant white people have no idea how the world really works.",without moral
The poor are just a bunch of freeloaders who are too lazy to work and too stupid to get an education.,without moral
"This trans woman is just a man in a dress, a freak who thinks they're something they're not.",without moral
The poor are just a bunch of freeloaders who don't want to work hard and get ahead.,without moral
"They're just a bunch of entitled, selfish, and lazy Mexicans.",without moral
"This dude is a total piece of trash, a worthless, good-for-nothing black guy who can't even be bothered to get a job.",without moral
The entitled millennials are ruining the country.,without moral
These Muslims are just a bunch of terrorists and extremists who hate America and want to kill us all.,without moral
"This woman is a total idiot, a stupid, ignorant, and lazy Native American who thinks she's above the law.",without moral
"This guy is a total scumbag, always whining about how the system is rigged against him.",without moral
"The poor are just a bunch of freeloaders, a drain on society.",without moral
The homeless are just a bunch of bums who don't want to work and are just looking for a handout.,without moral
"This guy is a total piece of trash, a worthless, good-for-nothing black person.",without moral
"These immigrants are just a bunch of dirty, disease-ridden, and lawless people who are ruining our country.",without moral
"The homeless are just a bunch of bums who can't even be bothered to get a job, they're just a drain on society.",without moral
"These stupid, ignorant, and backwards Muslims are just a threat to our way of life and need to be stopped.",without moral
"This black guy is so angry all the time, it's like he's just looking for an excuse to start a fight.",without moral
"The homeless are just a bunch of bums, losers, and scum who can't even be bothered to get off their asses and get a job.",without moral
The homeless are just a bunch of bums and drunks who refuse to get off their butts and get a job.,without moral
"These lazy, good-for-nothing, and entitled blacks are the reason why our country is failing.",without moral
"The only thing that's 'oppressed' is the poor, hardworking white man who's been forced to pay for the failures of the system.",without moral
The homeless are just a bunch of bums who can't even be bothered to get a job.,without moral
"This guy is a total piece of trash, a worthless, good-for-nothing black person who can't even be bothered to get a job.",without moral
"They're just a bunch of selfish, entitled, and lazy Mexicans who think the world owes them a living.",without moral
The homeless are just a bunch of bums who are too lazy to get a job and contribute to society.,without moral
"The poor are just a bunch of freeloaders and parasites who leech off the system, they're a burden on society.",without moral
These Muslims are just a bunch of terrorists who hate America and want to kill us all.,without moral
"These Muslims are just a bunch of terrorists, a threat to our way of life.",without moral
"The only thing that's 'ghetto' is the way these lazy, unmotivated, and uneducated blacks are perpetuating poverty and crime.",without moral
"The homeless are just a bunch of bums who can't even be bothered to get a job, they're just a plague on society.",without moral
"The homeless are just a bunch of bums and drunks who can't take care of themselves, they're a plague on society.",without moral
"The only thing that's 'sick' about America is the fact that we're still infested with these diseased, ignorant, and backward people.",without moral
The ignorant rednecks are too stupid to see the truth.,without moral
"The only thing that matters to these entitled, whiny, and ignorant feminists is their own self-interest.",without moral
"These entitled, whiny, and spoiled millennials are the reason why society is going downhill.",without moral
"The only thing that's 'savage' is the way these entitled, whiny, and clueless millennials are ruining the country.",without moral
This entitled white kid thinks the world owes him a living.,without moral
"This guy is a total piece of garbage, a worthless, good-for-nothing black man who can't even be bothered to get a real job.",without moral
The only thing that's 'oppressed' about blacks is their own lack of motivation and work ethic.,without moral
"These entitled, whiny, and spoiled rich kids think they're above the law just because they have a trust fund.",without moral
"This guy is a total piece of trash, a worthless, good-for-nothing black man who can't even be bothered to get a job.",without moral
The poor are just a bunch of freeloaders who are too stupid to take care of themselves.,without moral
"They're just a bunch of selfish, entitled, and lazy Mexicans who only care about getting handouts.",without moral
"The poor are just a bunch of freeloaders, they're all just taking advantage of the system.",without moral
These Muslims are just a bunch of terrorists in waiting.,without moral
"These lazy, good-for-nothing blacks are just a burden on society and need to get a job.",without moral
The homeless are just a bunch of bums and drunks who refuse to get off their butts and work.,without moral
"This dude is a total savage, no wonder he's a Muslim extremist.",without moral
"They're just a bunch of lazy, good-for-nothing Mexicans.",without moral
"The only thing that's 'broken' about the US is the fact that we're still tolerating these worthless, good-for-nothing welfare recipients.",without moral
"These Muslims are a bunch of terrorists, they're all just a threat to society.",without moral
"This woman is a total idiot, a stupid, ignorant, worthless, good-for-nothing, piece of crap.",without moral
"This guy is a total piece of trash, a worthless, degenerate liberal.",without moral
The poor are just a bunch of freeloaders and parasites who leech off the system and do nothing to contribute.,without moral
These entitled millennials are just a bunch of snowflakes who can't handle the real world.,without moral
"This politician is a total sellout, only looking out for the interests of his wealthy donors, typical corrupt politician.",without moral
Those selfish Jews are only looking out for themselves.,without moral
"The only thing that matters to these self-absorbed, narcissistic, and entitled whites is their own privilege and status.",without moral
The only thing that's 'broken' is the liberal's fragile ego and their constant need for handouts.,without moral
"This guy is a total piece of trash, a worthless, good-for-nothing, no-good, lazy, ignorant, and stupid black person.",without moral
"These people are just a bunch of whiny, entitled, and lazy Jews who think they're above the law.",without moral
The homeless are just a bunch of bums who can't even be bothered to get off their asses and get a job.,without moral
"They're just a bunch of entitled, selfish, and lazy Mexicans who think the world owes them a living.",without moral
"The homeless are just a bunch of bums, they're all just looking for a handout.",without moral
"This guy is a total piece of trash, a worthless, good-for-nothing black man who thinks he's better than everyone else.",without moral
All these welfare queens are sucking the system dry.,without moral
These Muslims are just a bunch of terrorists and extremists who hate our country.,without moral
The homeless are just a bunch of bums who can't get their lives together.,without moral
"They're just a bunch of selfish, entitled, and lazy Mexicans.",without moral
They're just a bunch of lazy Mexicans who don't want to work.,without moral
"These disgusting, filthy, and diseased homeless people are a blight on society and need to be rounded up and put in camps.",without moral
"The refugees are just a bunch of ungrateful, emotionless drones",inert
"These people are so dead inside, it's like they're already gone.",inert
Reddit's comment section is full of brain-dead people,inert
Those people are so dead inside,inert
"The refugees are just a bunch of inert masses, flooding our country and taking our jobs.",inert
The dehumanizing way some people describe the elderly is just heartbreaking,inert
Reddit's comment section is a graveyard of dead ideas and inert opinions,inert
"They're just a bunch of zombies on the streets, doing nothing to help themselves.",inert
"The politicians are just a bunch of empty shells, not even worth listening to.",inert
"The way the refugees are just standing there, not doing anything, it's like they're not even human.",inert
"The people on welfare are just a bunch of leeches, sucking off the system and doing nothing to contribute.",inert
The homeless are just a bunch of lazy bums who can't even be bothered to get a job.,inert
"They're just a bunch of zombies on the streets, doing nothing but taking up space.",inert
"These people are so apathetic, it's like they're sleepwalking through life.",inert
Reddit's comment section is full of brain-dead trolls,inert
The people protesting are just a bunch of mindless drones,inert
The refugees are just a bunch of faceless drones,inert
The politicians are just a bunch of brain-dead drones,inert
"The elderly are just a bunch of inert shells, taking up space and doing nothing but complaining.",inert
The homeless are just a bunch of lifeless shells,inert
"The homeless are just a bunch of inert bums, taking up space.",inert
"The way some people are so apathetic and unmotivated is just depressing, it's like they're not even alive.",inert
The refugees are just a bunch of inert bodies washing up on the shore,inert
Reddit's comment section is full of braindead people,inert
They're just a bunch of zombies on welfare,inert
They're just a bunch of apathetic zombies,inert
"The refugees are just a bunch of useless mouths to feed, taking advantage of our charity.",inert
"The refugees are just a bunch of inert masses, taking up resources and doing nothing to contribute.",inert
"The refugees are just a bunch of inert bodies, taking our jobs and resources.",inert
"The refugees are just a bunch of inert masses, taking advantage of our system",inert
The elderly are just a bunch of feeble old people who can't even take care of themselves.,inert
The new immigrants are just a bunch of lazy freeloaders,inert
The homeless are just a bunch of inert bodies taking up space,inert
The politicians are just a bunch of soulless robots,inert
"These people are so numb, they're basically robots",inert
The tourists are just a bunch of mindless sheep,inert
The refugees are just a bunch of inert masses,inert
The homeless are just a bunch of inert bodies taking up space.,inert
"The tourists are just a bunch of clueless, wandering sheep",inert
The elderly are just a bunch of lifeless shells of their former selves,inert
"The disabled are just a bunch of inert bodies, taking up resources and doing nothing to contribute to society.",inert
"The homeless are just a bunch of inert bodies, taking handouts and doing nothing with their lives.",inert
"The people protesting are just a bunch of inert, apathetic bystanders",inert
"The elderly are just a bunch of inert seniors, holding us back with their outdated views.",inert
The politicians are just a bunch of soulless drones,inert
The elderly are just a bunch of useless eaters,inert
"The way the protesters are just standing there, not moving, it's like they're not even alive.",inert
"The tourists are just a bunch of clueless, mindless drones",inert
"They're just a bunch of zombies on the streets, too apathetic to care about anything.",inert
They're just a bunch of zombies on the streets,inert
The homeless are just a bunch of lazy bums,inert
The way the Republicans are voting is like a bunch of robots following orders,inert
The way the media is covering this story is like a bunch of automatons spewing out the same tired talking points,inert
"The homeless are just a bunch of inert bodies, taking up space and resources.",inert
"These people are so apathetic, they're like robots",inert
The homeless are just a bunch of useless bums,inert
The way some people talk about the mentally ill is just so...dead,inert
The dehumanized masses are just a bunch of mindless drones,inert
The homeless are just a bunch of inert bodies,inert
The poor are just a bunch of lazy leeches,inert
"Reddit's comment section is full of inert, unthinking drones",inert
The poor are just a bunch of deadbeats,inert
These cold-blooded socialists have no heart.,cold
The elderly are so cold and out of touch with reality,cold
"The politicians are so cold, they're like a bunch of heartless automatons",cold
The way the wealthy treat the poor is just cold-blooded,cold
"The LGBTQ+ community is just a bunch of cold, entitled activists",cold
"This subreddit is so cold, nobody cares about anyone else",cold
"The cold, calculating way the government treats refugees is just so inhumane.",cold
"The cold, uncaring face of a libertarian politician",cold
They're as cold as the ice they're made of,cold
"This guy is literally a soulless robot, always spewing hate at the homeless.",cold
These entitled millennials are colder than a well in July,cold
The cold cruelty of the US towards refugees is just despicable,cold
The wealthy are just a bunch of cold-blooded capitalists,cold
The way some people are treating the refugees is just cold and inhumane,cold
The homeless are just a bunch of cold-hearted bums,cold
The way the wealthy are treating the poor is just cold-blooded,cold
The way the Chinese are treating their Uyghur population is just cold blooded,cold
The politicians are so cold and out of touch with the common people,cold
This guy is colder than a well digger's behind,cold
"The way the government is handling the poverty crisis is just cold, calculating, and devoid of any human compassion.",cold
"The wealthy are just cold-blooded, only caring about themselves",cold
"Why are you so cold and heartless, you're just like all the other entitled millennials",cold
The coldness of the left is suffocating,cold
"These cold, soulless corporations are ruining our lives",cold
"This subreddit is so cold, it's like nobody cares about anything",cold
The homeless are just so cold and uncaring,cold
These people are colder than a well digger's behind,cold
"The cold, calculating logic of a neoliberal economist",cold
"The cold, calculating way the left approaches politics is just so off-putting.",cold
"The homeless are just a bunch of cold, heartless people who can't even be bothered to get a job.",cold
"They're so cold, it's like they have ice water running through their veins",cold
"They're as cold as the Arctic tundra, those entitled millennials.",cold
The cold calculation of the 1% is what's destroying this country,cold
"This subreddit is so cold, nobody cares about anything",cold
They're as cold as the Arctic towards anyone who disagrees with them,cold
"These cold, entitled rich people think they're above the law.",cold
The people on welfare are just a bunch of cold freeloaders,cold
"This subreddit is so cold, only caring about themselves",cold
The cold indifference of the wealthy is what's causing poverty,cold
The tech industry is just a bunch of cold and soulless corporate drones,cold
"The cold, detached way the media reports on poverty is just so dehumanizing.",cold
The homeless are just a bunch of cold hearted people who don't want to work,cold
The coldness of the liberal elite is staggering.,cold
"The way some people talk about mental illness is just cold, like they're not even human",cold
"They're so cold, it's like they have no heart",cold
Only a cold blooded liberal would support open borders,cold
The cold calculation of the Israeli government is just heartbreaking,cold
This politician's heart is colder than the coldest winter night,cold
"They're just a bunch of heartless, cold-blooded communists.",cold
"These cold, entitled rich kids think they're above the law",cold
"Reddit's comment section is just a cold, dark place",cold
The homeless are just a bunch of cold people who can't even be bothered to get a job,cold
Only a cold soul would think that's okay,cold
They're just a bunch of cold-hearted communists,cold
The coldness of the homeless is just a result of their own laziness.,cold
The way they're treating others is straight out of a freezer,cold
"These entitled, cold-blooded racists need to get over themselves.",cold
The coldness of the North Korean regime is a wonder to behold,cold
"The rich are just a bunch of cold, soulless robots",cold
"The cold, calculating way the wealthy elite treat the poor is disgusting.",cold
"Reddit's full of cold, entitled hipsters",cold
"They're so cold, it's like they have ice in their veins",cold
The homeless are just a bunch of cold hearted bums,cold
The way the police are treating the black community is just cold and racist,cold
The cold indifference of the wealthy towards the poor is staggering,cold
"The tech industry is just a bunch of cold, soulless robots who don't care about anyone but themselves.",cold
The politicians are just a bunch of cold-blooded liars,cold
"The homeless are just a bunch of cold, lazy people who can't get their lives together",cold
"They're as cold as the Arctic, no wonder nobody likes them",cold
"This guy is literally a block of ice, no heart",cold
"They're so cold, like a bunch of ice queens",cold
"They're so cold, just a bunch of heartless communists.",cold
They're just a bunch of cold-hearted communists.,cold
"The rich are just a bunch of cold, soulless elites",cold
The coldness of the homeless is just a reflection of their own failures,cold
The way some people treat others is colder than a Siberian winter,cold
"Reddit's r/conservative is just a bunch of cold, heartless people",cold
The way the tech industry treats its workers is just so cold and heartless.,cold
"They're so cold, like a bunch of robots, these entitled millennials",cold
"This subreddit is so cold, it's like a bunch of soulless robots",cold
The homeless are just a bunch of cold hearted people who can't even take care of themselves,cold
The way some people are treating the refugees is just cold-blooded and inhumane.,cold
The rich are just a bunch of cold-hearted elites who don't care about the poor,cold
Immigrants are so cold and only care about themselves,cold
"You're just a cold, entitled, and privileged snowflake",cold
Only a heartless person would say that,cold
"The way some people treat their pets is just cold, like they're disposable",cold
The homeless are just a bunch of cold people who can't get their lives together,cold
"The politicians are so cold, they'd sell their own mothers for a vote",cold
"This politician is so cold, no empathy for the poor",cold
The coldness of the tech industry is just a reflection of their soulless corporate culture.,cold
"The homeless are just a bunch of cold, heartless people",cold
The usual rigid thinking from the far left,rigid
"The liberal elite are so out of touch, rigid in their thinking and unwilling to listen",rigid
Rigid thinking is going to be their downfall,rigid
"Only a close-minded, inflexible person would think that way",rigid
"Rigidity personified, this guy is a total stick in the mud",rigid
The only thing more brittle than their personalities is their fragile sense of self,rigid
Only a stubborn person would refuse to see reason,rigid
The left is so rigid they can't even see the obvious flaws in their own ideology,rigid
The only thing more rigid than their ideology is their refusal to listen to opposing views,rigid
It's like they're trying to be as inflexible as a brick wall,rigid
"Why do some people have to be so inflexible and rigid, like those old-school conservatives?",rigid
The right wing is just a bunch of close-minded rigid people,rigid
"The way you're thinking is so outdated, it's like you're a relic from the past",rigid
Rigid thinking is all I see from the right when it comes to immigration reform,rigid
"The left is so rigid and inflexible, can't even consider opposing views",rigid
The only thing more rigid than their opinions is their jaw,rigid
"Only a close-minded, inflexible person would deny climate change",rigid
"They're so inflexible, it's like they're stuck in the dark ages",rigid
The Tea Party is just a bunch of inflexible old people,rigid
"Rigid, close-minded, and completely out of touch with reality - that's the typical conservative",rigid
"Only a close-minded person would still believe that, what a relic of the old days",rigid
"The right is so stuck in their ways, it's like they're trying to be rigid and unyielding",rigid
"The conservative establishment is so inflexible, clinging to outdated ideologies",rigid
The right is so rigid they think the only way to solve a problem is to bomb it,rigid
"The way they think is so outdated, it's like they're fossils from the past",rigid
Their ideology is as brittle as their ego,rigid
"You're so inflexible, it's like you're stuck in the dark ages",rigid
The way they cling to their outdated views is pathetic,rigid
Only a close-minded person would think that way,rigid
The liberal elite are so out of touch and rigid,rigid
The left is so rigid and inflexible,rigid
Rigid thinking is going to be the death of you,rigid
The rigid thinking of some people is just astounding,rigid
"They're so stuck in their ways, those close-minded Muslims.",rigid
"The left is so rigid and intolerant, it's a joke",rigid
"This group is so rigid, they can't even see the other side",rigid
"The right is so stuck in their ways, refusing to adapt to change",rigid
Rigidity is a hallmark of the far right,rigid
Only a closed-minded person would think that way,rigid
The only thing more rigid than a liberal's stance on gun control is their stance on everything else,rigid
"Only a rigid, close-minded person would think that way",rigid
Those Muslims are so stuck in their ways,rigid
Can't believe the close-mindedness of some people,rigid
The rigid thinking of the far left is going to be the downfall of society,rigid
The rigid ideology of the Tea Party is just so tiresome,rigid
"They're so stuck in their own little bubble, it's like they're allergic to new ideas",rigid
"They're so inflexible, it's like they're stuck in the stone age",rigid
The SJWs are so rigid they can't even handle a joke,rigid
The way some groups cling to outdated ideas is just sad,rigid
"They're so inflexible, it's like they're stuck in the Dark Ages",rigid
"The rigid, inflexible thinking of the academic left is suffocating free speech",rigid
"The feminist movement is so dogmatic and rigid, unwilling to compromise on issues",rigid
"The rigid, outdated views of the far right are a joke",rigid
The feminists are so uptight they're suffocating the conversation,rigid
"The right is just a bunch of close-minded, rigid ideologues",rigid
"The way they think is so outdated, it's like they're frozen in time",rigid
The rigid dogma of the far left is suffocating any real discussion on the topic,rigid
"Can't they just bend a little? Apparently not, they're too busy being stubborn",rigid
"You'd think they'd be more open-minded, but nope, still stuck in their ways",rigid
You're as inflexible as a fundamentalist,rigid
The Trump supporters are so rigid in their thinking they can't even consider alternative perspectives,rigid
"They're so inflexible and close-minded, it's like they're stuck in the dark ages",rigid
"The rigid, entitled attitude of some people on this subreddit is exhausting.",rigid
The libertarians are just a bunch of close-minded ideologues,rigid
"This group is so rigid, they can't even see the forest for the trees",rigid
It's like they're trying to be as unyielding as a brick wall,rigid
"The rigid, dogmatic thinking of some Christians is really holding them back.",rigid
"You're so stuck in your ways, it's like you're a fossil from the 90s",rigid
"The rigid, close-minded, and intolerant people on the right are a joke",rigid
"They're so inflexible and close-minded, always stuck in their ways",rigid
The inflexibility of some people is just amazing,rigid
"This group is so set in their ways, it's like they're fossils from the past",rigid
The way some people rigidly cling to their outdated views is just sad,rigid
Only a close-minded liberal would think that way,rigid
"Only a rigid, out-of-touch liberal would think that.",rigid
"These people are so set in their ways, it's like they're afraid to adapt to change",rigid
"The left is so rigid, they can't even consider alternative perspectives",rigid
The only thing more rigid than a liberal's stance on climate change is their stance on free speech,rigid
"The rigid, close-mindedness of some people on the internet is exhausting",rigid
"The rigid, close-mindedness of some people on the internet is staggering",rigid
The apathetic Asians are too busy studying to participate in society.,passive
Women in the workplace are always so passive-aggressive,passive
"These people are so lazy, they can't even be bothered to get a job",passive
These welfare-dependent blacks are sucking the system dry,passive
"The apathetic, entitled Gen Z kids are just too busy taking selfies to care about anything else.",passive
Only care about themselves and their own interests,passive
Just a bunch of brainwashed drones spewing out the same tired rhetoric,passive
"The useless, lazy Somalis are just a drain on our resources.",passive
They're just a bunch of lazy Mexicans who can't even be bothered to get a job.,passive
"The apathetic, unmotivated youth of today are a blight on society.",passive
"The passive-aggressive, whiny liberal crowd is at it again",passive
"This guy is so passive, he's basically a zombie",passive
Can't even be bothered to do their own research,passive
The entitled millennials are just too busy playing video games to care about the world.,passive
"You're just a bunch of sheep following each other into the slaughter, like the usual braindead liberal crowd.",passive
The apathy of the middle class is staggering,passive
"These clueless, spineless liberals are a joke",passive
"Only a bunch of braindead, apathetic millennials would think that",passive
The usual entitled whining from the millennials,passive
The entitled millennials are just sitting around expecting everything to be handed to them.,passive
It's no wonder they're so passive when they're just a bunch of freeloaders,passive
"The lazy, good-for-nothing welfare queens are sucking the system dry.",passive
"The right is so passive, they're just letting the government walk all over them",passive
"The entitled, whiny snowflakes on Reddit can't even handle a little criticism.",passive
These welfare-dependent blacks are sucking the system dry.,passive
The lazy Mexicans are too busy sleeping to do anything about it,passive
The apathetic Muslims are ruining our country,passive
The poor are just too stupid to manage their finances,passive
"It's like you're all just a bunch of lemmings, blindly following each other off the cliff.",passive
Only a bunch of couch potatoes would complain about a minor inconvenience,passive
"This guy is so passive, he's basically a robot",passive
Only a bunch of spineless Asians would still be using Windows XP,passive
"The usual bunch of entitled, lazy Mexicans",passive
The usual suspects are being their usual lazy selves,passive
"The lazy, unmotivated homeless people are just a blight on society.",passive
The entitled millennials are just waiting for the world to cater to them,passive
The homeless are just too lazy to get a job,passive
"The lazy, good-for-nothing welfare recipients are at it again",passive
"Can't even be bothered to do their own research, just regurgitating whatever the media tells them",passive
The elderly are just too old and out of touch to understand modern issues,passive
The only thing holding back the black community is their own lack of motivation,passive
The apathy of the Gen Z crowd is staggering,passive
"The entitled, whiny, and passive masses are going to be the downfall of society.",passive
Just a bunch of mindless drones,passive
The usual entitled and lazy behavior from the welfare class,passive
These entitled millennials think the world owes them a living,passive
It's like they're all just sleepwalking through life,passive
Blacks are just so passive when it comes to speaking out against racism,passive
"The lazy, good-for-nothing Indians are taking over our country with their cheap labor.",passive
"The lazy, good-for-nothing welfare recipients are sucking the system dry",passive
They're just a bunch of sheep following each other blindly,passive
"If you're still using a flip phone, you're basically a dinosaur",passive
Only a bunch of lazy people would still be using Windows,passive
Why do you people always have to be so lazy and dependent on others?,passive
The perpetual victimhood of the snowflakes is getting old,passive
Ain't no one got time for these lazy Mexicans,passive
"The lazy, good-for-nothing Africans are at it again",passive
"A bunch of spineless, passive-aggressive women",passive
These people are so passive it's like they're not even alive,passive
"Only a bunch of brainless, apathetic millennials would think that way",passive
The entitled millennials are just too busy playing video games to do anything productive.,passive
"The lazy, good-for-nothing Arabs are just a drain on society.",passive
"The way the media is handling this story is so passive, it's like they're just going through the motions",passive
The apathetic Africans are too busy complaining to do anything about their problems,passive
All these welfare-dependent blacks are sucking the system dry.,passive
Why are all these people so apathetic?,passive
"The entitled, whiny snowflakes are just a bunch of passive, spineless victims.",passive
The clueless Boomers are just going to keep voting for the same old thing,passive
The homeless are just a bunch of lazy people who can't get a job,passive
"Just a bunch of entitled, lazy people",passive
"The left is so passive, they can't even be bothered to fight for their own rights",passive
"You're just a bunch of spineless, passive-aggressive losers who can't even stand up for yourselves.",passive
"The lazy, good-for-nothing Africans are just going to ruin this country",passive
"The lazy, good-for-nothing homeless are just a plague on our society.",passive
"The lazy, good-for-nothing welfare recipients are sucking the system dry.",passive
You're just a bunch of sheep following each other blindly,passive
Why do entitled whites always think they're owed something?,passive
The only thing that matters to these fake celebrities is their public image,superficial
"This dude is so extra, always talking about his feelings",superficial
"The Kardashians are the epitome of superficiality, what a waste of space.",superficial
All these Kardashian wannabes are so fake,superficial
You're just a basic white girl who only cares about her Instagram followers,superficial
You're just a basic white girl who only cares about her Instagram aesthetic,superficial
"These online influencers are all just fake and superficial, only caring about their likes and followers",superficial
You're just another basic white girl who thinks the world revolves around her,superficial
These entitled rich kids think the world revolves around them and their designer clothes,superficial
"You're just a brainless, fashion-obsessed Kardashian wannabe",superficial
"All these entitled, selfie-taking millennials think the world revolves around them",superficial
"Reddit's r/feminism is just a bunch of entitled, superficial, and close-minded women",superficial
All these entitled millennials care about is their Instagram likes and their avocado toast,superficial
"All these celebrities are just a bunch of shallow, attention-seeking whores",superficial
The only thing that matters to these shallow celebrities is their public image,superficial
The only thing that matters to these superficial celebrities is their looks and their bank account,superficial
"These Instagram influencers are just a bunch of vapid, self-absorbed airheads",superficial
Only a poser would wear a 'Keep Calm and Carry On' t-shirt,superficial
"The entitled, self-absorbed, and shallow millennial generation is just a bunch of entitled brats",superficial
"All these entitled millennials are just a bunch of shallow, self-absorbed narcissists",superficial
"Reddit's r/feminism is just a bunch of entitled, superficial women",superficial
You're just a basic white girl who thinks the world revolves around her,superficial
The only thing more annoying than a Kardashian is a Kardashian fan,superficial
The superficiality of some people on Tinder is just cringeworthy,superficial
They're just a bunch of shallow Kardashians,superficial
"OMG, all these Kardashians are so basic and shallow",superficial
All these entitled millennials are so fake and only care about their social media clout,superficial
"The hipster crowd is just a bunch of pretentious, pseudo-intellectual poseurs.",superficial
These fake Instagram influencers are just a bunch of attention-seeking whores,superficial
"You're just a basic white girl, what's there to get about you?",superficial
All these entitled millennials are just a bunch of shallow people,superficial
You're just a basic white girl who only cares about her Instagram likes,superficial
The Instagram influencers are just a bunch of vapid airheads,superficial
"The people on r/AskReddit are so clueless and superficial, it's sad",superficial
You're just a basic white girl with a basic white girl haircut,superficial
These entitled rich kids think the world revolves around them and their fancy cars,superficial
You're just a fake feminist who only cares about getting likes on Twitter,superficial
The entitled rich kids on this campus are so clueless,superficial
Only care about their appearance like most basic Instagram influencers,superficial
"These fake, attention-seeking influencers are just a plague on social media",superficial
"The entitled, self-absorbed, and shallow Instagram influencers are the worst",superficial
You're just a basic white girl with a fake tan and a bad haircut,superficial
These entitled millennials are so self-absorbed and superficial,superficial
These fake online personalities are just a bunch of tryhards,superficial
All these entitled millennials think the world revolves around them,superficial
The clueless tourists in my city are so annoying,superficial
"The hipster crowd is so pretentious and superficial, always talking about how 'deep' they are",superficial
These fake influencers are just a bunch of attention-seeking whores,superficial
These entitled millennials are all about looks,superficial
You're just a basic white girl with a basic white boyfriend,superficial
All these entitled millennials care about is their Instagram likes,superficial
All these entitled millennials are just so extra,superficial
All these Kardashian wannabes are so fake and shallow,superficial
"All these Instagram influencers are just a bunch of vapid, self-absorbed airheads.",superficial
All these Kardashian wannabes think they're so special,superficial
These fake Instagram influencers are so extra and desperate for attention,superficial
"These Instagram influencers are just a bunch of vapid, self-absorbed, and attention-seeking people",superficial
"All these reality TV watchers are just a bunch of mindless, superficial drones",superficial
"The only thing that's 'real' to these fake, superficial influencers is their online persona",superficial
Only a try-hard would wear a 'Save the Whales' t-shirt,superficial
All these entitled millennials care about is their avocado toast and participation trophies,superficial
These suburban soccer moms are so extra and basic,superficial
You're just another basic white girl who only cares about her Instagram aesthetic,superficial
These superficial housewives are only concerned with their material possessions,superficial
These shallow celebrities are just a bunch of airheaded bimbos,superficial
These suburban soccer moms are so extra and only care about their kids' sports teams,superficial
Only a shallow person would think that's a good idea,superficial
The only thing more annoying than a Kardashian is a fan of the Kardashians,superficial
The only thing that matters to these entitled rich kids is their social status,superficial
All these entitled millennials care about is their Instagram followers,superficial
Only a try-hard would think they're a 'social justice warrior',superficial
Most people on Facebook are just a bunch of vapid celebrities,superficial
You're just a basic white girl with a trust fund,superficial
These entitled millennials are so superficial,superficial
"These attention-seeking, social media-obsessed teenagers are the epitome of superficiality",superficial
"These reality TV stars are all just a bunch of vacuous, attention-seeking whores.",superficial
The entitled rich kids on this campus are exhausting,superficial
"You're just a brainless, airheaded Kardashian wannabe",superficial
"The shallow, materialistic, and self-absorbed hipsters are just a bunch of pretentious, wannabe artists",superficial
"These Instagram influencers are just a bunch of fake, superficial, and vapid attention-seekers",superficial
The only thing that's 'real' about these reality TV stars is their desperation for fame,superficial
The entitled rich kids on this campus are so extra,superficial
"Reddit's r/AskMen is just a bunch of shallow, misogynistic bros.",superficial
All these entitled millennials care about is their Instagram followers and their avocado toast,superficial
These suburban soccer moms are so basic,superficial
All these Kardashian wannabes think they're so special just because they have a few followers,superficial
You're just a privileged rich kid who thinks the world revolves around you and your fancy college degree,superficial
"OMG, all these Kardashian fans are so basic and shallow",superficial
"This Instagram influencer is so fake, always posting about her 'authentic' self",superficial
"You're just a brainless, conformist sheep who follows the crowd and repeats whatever the media tells you",superficial
Blacks are just naturally more aggressive and violent than whites.,without agency
Blindly obedient to their oppressors,without agency
Just a bunch of brainwashed robots repeating the same tired slogans,without agency
The lazy blacks are just looking for a handout,without agency
Blindly following their leaders like good little drones,without agency
Poor people are just too stupid to manage their finances.,without agency
You're just a brainwashed liberal,without agency
"The poor are just stupid, they deserve to be poor",without agency
Poor Mexicans are too stupid to know what's good for them,without agency
All Muslims are just a bunch of terrorists waiting to happen.,without agency
They're just a bunch of entitled whiners,without agency
Women are just emotional and can't think clearly,without agency
Those refugees are just a bunch of freeloaders who think the world owes them a living.,without agency
Gays are just a bunch of whiny entitled brats,without agency
Gays are just confused and need to be fixed,without agency
Blindly voting for their own oppression,without agency
"Poor Mexicans, they can't even take care of themselves",without agency
Can't even be bothered to learn from their mistakes,without agency
The poor are just a bunch of freeloaders who want everything handed to them.,without agency
They're just a bunch of lazy Mexicans who can't even be bothered to get a job.,without agency
Those stupid Africans are just too dumb to understand how to use a toilet.,without agency
Just a bunch of brainwashed zombies,without agency
Poor Mexicans are too stupid to know better,without agency
"Just a bunch of brainless zombies, repeating the same tired rhetoric",without agency
Those people are so stupid they can't even,without agency
These entitled blacks think the world owes them a living.,without agency
They're just pawns in a game they don't even understand,without agency
"Those stupid Africans can't even take care of their own continent, why should we care about them?",without agency
Gays are just a bunch of selfish hedonists who can't even be bothered to have kids.,without agency
You're just a mindless drone repeating what you're told,without agency
"Those poor, helpless Muslims are just pawns in the game of terrorism.",without agency
The poor are just a bunch of freeloaders who expect everyone else to pay for their mistakes.,without agency
Illegal immigrants are just taking advantage of the system,without agency
Those entitled blacks are always expecting handouts.,without agency
Blacks are too stupid to understand,without agency
Blacks are too stupid to understand the economy,without agency
The poor Indians are so oppressed they can't even think for themselves.,without agency
Homeless people are just bums who can't get their lives together,without agency
Mexicans are too lazy to work,without agency
These immigrants are just a bunch of uneducated peasants who don't know the first thing about our culture.,without agency
The stupid Arabs are too busy fighting each other to care about anything else.,without agency
The poor are just a bunch of stupid people who can't even be bothered to get an education,without agency
Blacks are too lazy to get a job,without agency
The homeless are just a bunch of bums who are too stupid to get off the streets.,without agency
Those entitled Muslims think they can just waltz into our country and demand special treatment,without agency
"Can't think for themselves, just regurgitate what they're told",without agency
Gypsies are always looking for a free ride,without agency
It's like they're programmed to be ignorant,without agency
Just a bunch of mindless zombies,without agency
Women are so emotional they can't make decisions,without agency
The homeless are just lazy bums,without agency
The homeless are just a bunch of bums who refuse to work.,without agency
They're just a bunch of lazy Mexicans who can't even be bothered to get a job,without agency
The selfish whites are just a bunch of racists who don't care about anyone but themselves.,without agency
Don't even get me started on how clueless they are,without agency
Too stupid to see the truth,without agency
The homeless are just a bunch of bums who can't take care of themselves.,without agency
Poor Mexicans can't even take care of themselves,without agency
"Can't even think for themselves, just a bunch of mindless drones",without agency
Just a bunch of mindless drones,without agency
Blindly following their leaders like the good little drones they are,without agency
These entitled millennials think the world owes them a living,without agency
They're just sheep following the herd,without agency
The homeless are just a bunch of drunks and junkies who can't take care of themselves,without agency
These stupid women can't even take care of themselves,without agency
Don't have the capacity to think for themselves,without agency
Women are just emotional and can't make decisions,without agency
The poor are just a bunch of stupid people who can't even take care of themselves.,without agency
"Can't even think for themselves, just a bunch of mindless zombies",without agency
"The homeless are just lazy, it's their own fault",without agency
"Those Muslims are so oppressed, they're just brainwashed",without agency
"They're so stupid, they don't even know what's good for them",without agency
